fecha,00h - 01h:,01h - 02h:,02h - 03h:,03h - 04h:,04h - 05h:,05h - 06h:,06h - 07h:,07h - 08h:,08h - 09h:,09h - 10h:,10h - 11h:,11h - 12h:,12h - 13h:,13h - 14h:,14h - 15h:,15h - 16h:,16h - 17h:,17h - 18h:,18h - 19h:,19h - 20h:,20h - 21h:,21h - 22h:,22h - 23h:,23h - 24h:,unidad
05/04/2022,0.30614,0.29737,0.269,0.27546,0.28355,0.30304,0.28067,0.32942,0.36162,0.36117,0.4135,0.41074,0.4131,0.4124,0.3683,0.36857,0.36682,0.3663,0.42192,0.43025,0.44157,0.43377,0.38235,0.37751,€/kWh
31/03/2022,0.34653,0.33138,0.33063,0.32335,0.3171,0.32118,0.32683,0.34811,0.38216,0.36546,0.39125,0.37557,0.34165,0.31897,0.26185,0.25855,0.24957,0.25059,0.31642,0.36794,0.41866,0.42199,0.34661,0.30279,€/kWh
30/03/2022,0.33468,0.31902,0.30903,0.29593,0.29989,0.3092,0.32472,0.32824,0.37147,0.3673,0.42221,0.41606,0.41239,0.41127,0.33943,0.33612,0.32761,0.31185,0.39006,0.4168,0.43635,0.44541,0.35615,0.35182,€/kWh
29/03/2022,0.30449,0.2824,0.27649,0.27374,0.27725,0.29108,0.32639,0.32426,0.36677,0.36796,0.43041,0.42984,0.42844,0.40893,0.32994,0.32321,0.31876,0.33254,0.40217,0.40538,0.41921,0.42276,0.33883,0.32508,€/kWh
28/03/2022,0.28296,0.27426,0.26973,0.26371,0.26316,0.278,0.3068,0.30449,0.33477,0.33383,0.39631,0.39268,0.38844,0.36498,0.2937,0.28725,0.2872,0.28162,0.39677,0.41407,0.45403,0.44684,0.34658,0.33382,€/kWh
27/03/2022,0.32519,0.30972,0.0,0.2992,0.28409,0.28504,0.2841,0.28608,0.28682,0.27793,0.26177,0.24935,0.24199,0.22329,0.23267,0.22363,0.22486,0.2564,0.28313,0.32912,0.35556,0.34398,0.33106,0.30674,€/kWh
26/03/2022,0.33855,0.32707,0.32287,0.29904,0.28342,0.28992,0.30914,0.28685,0.2984,0.28869,0.27259,0.25346,0.25647,0.27334,0.25066,0.25256,0.25645,0.29388,0.33031,0.36582,0.35917,0.3579,0.3411,0.33519,€/kWh
25/03/2022,0.33593,0.31966,0.30786,0.30384,0.29919,0.32628,0.33448,0.35273,0.38456,0.38294,0.44168,0.42121,0.40798,0.40434,0.33298,0.31916,0.3412,0.37203,0.45225,0.46782,0.47054,0.44998,0.37324,0.37135,€/kWh
24/03/2022,0.284,0.27715,0.25143,0.24571,0.24586,0.25966,0.2944,0.30141,0.33088,0.32941,0.39018,0.37011,0.35982,0.36138,0.2937,0.29193,0.31607,0.32957,0.39993,0.40647,0.43114,0.40777,0.32819,0.31938,€/kWh
23/03/2022,0.28141,0.2489,0.24442,0.24085,0.23923,0.24018,0.23896,0.28914,0.32922,0.32108,0.36532,0.35446,0.3491,0.33983,0.27125,0.27967,0.29639,0.30058,0.38354,0.39897,0.4051,0.40123,0.31522,0.29684,€/kWh
22/03/2022,0.28625,0.27976,0.27167,0.26251,0.26765,0.28142,0.27761,0.30919,0.3402,0.32902,0.36356,0.35688,0.35934,0.33894,0.2675,0.27452,0.31169,0.33193,0.40295,0.41534,0.44038,0.41455,0.32992,0.29678,€/kWh
21/03/2022,0.28613,0.26299,0.26305,0.26144,0.25847,0.26316,0.27726,0.30753,0.33467,0.33247,0.39303,0.36487,0.36919,0.3637,0.29266,0.29446,0.32017,0.33474,0.42471,0.44007,0.45156,0.42141,0.32866,0.31737,€/kWh
20/03/2022,0.28004,0.28685,0.28078,0.27111,0.27131,0.27193,0.27893,0.28897,0.26456,0.2591,0.25501,0.25409,0.24609,0.24726,0.24475,0.24419,0.24507,0.24881,0.26121,0.30499,0.31541,0.31344,0.30829,0.25959,€/kWh
19/03/2022,0.33064,0.32301,0.2972,0.26894,0.26625,0.26677,0.28739,0.27279,0.30008,0.29636,0.28243,0.24402,0.24285,0.23812,0.23873,0.23974,0.24343,0.25268,0.29511,0.35901,0.34979,0.32569,0.31434,0.31252,€/kWh
18/03/2022,0.26455,0.26349,0.2634,0.26426,0.2643,0.26623,0.26938,0.30895,0.33868,0.33126,0.39252,0.3757,0.37496,0.36104,0.29308,0.31028,0.32853,0.3379,0.44293,0.45627,0.45878,0.45062,0.34932,0.30969,€/kWh
17/03/2022,0.26474,0.25703,0.24857,0.24558,0.24503,0.24942,0.2536,0.30085,0.32282,0.30736,0.34801,0.33714,0.34638,0.34557,0.27274,0.28484,0.28643,0.31353,0.39699,0.4342,0.46403,0.41967,0.33348,0.3302,€/kWh
16/03/2022,0.3209,0.32157,0.32158,0.30767,0.30562,0.32029,0.35973,0.37225,0.4097,0.38738,0.43187,0.41803,0.42415,0.42384,0.36158,0.36167,0.3535,0.36438,0.41007,0.4215,0.43906,0.42168,0.33584,0.27414,€/kWh
15/03/2022,0.27692,0.27701,0.27682,0.27789,0.27766,0.27774,0.27804,0.30585,0.34991,0.34489,0.40772,0.40715,0.39951,0.39844,0.33027,0.33915,0.34088,0.34187,0.44191,0.46401,0.47985,0.47204,0.37847,0.35819,€/kWh
14/03/2022,0.36988,0.36039,0.30703,0.29977,0.29416,0.30493,0.35441,0.36013,0.3926,0.38478,0.4473,0.43822,0.41194,0.36892,0.2942,0.29533,0.29676,0.29822,0.37451,0.42844,0.44597,0.44448,0.33072,0.30346,€/kWh
13/03/2022,0.28826,0.29099,0.2872,0.2691,0.25293,0.28458,0.29623,0.29788,0.2895,0.32076,0.28255,0.27641,0.27657,0.31831,0.28884,0.2906,0.29513,0.3325,0.36496,0.45238,0.48195,0.43644,0.40257,0.38385,€/kWh
12/03/2022,0.3706,0.3659,0.36113,0.32698,0.32034,0.33489,0.33186,0.34982,0.33165,0.30426,0.26741,0.25933,0.25314,0.25306,0.24869,0.25213,0.26492,0.28062,0.35957,0.36605,0.36755,0.35608,0.34248,0.33492,€/kWh
11/03/2022,0.35444,0.33451,0.32178,0.28152,0.22348,0.24418,0.35435,0.3845,0.4148,0.40594,0.46267,0.43259,0.43773,0.42975,0.36583,0.36548,0.36998,0.40107,0.48529,0.53012,0.58585,0.59309,0.45333,0.43723,€/kWh
10/03/2022,0.48567,0.42392,0.43654,0.43662,0.43661,0.44396,0.52545,0.53999,0.58228,0.53946,0.58224,0.53054,0.53365,0.51498,0.42101,0.42176,0.42459,0.50384,0.61245,0.64277,0.62787,0.60422,0.43805,0.43496,€/kWh
09/03/2022,0.64116,0.57789,0.5658,0.55537,0.55524,0.56705,0.65832,0.71412,0.71007,0.63658,0.62648,0.57656,0.53323,0.52884,0.47548,0.50858,0.54826,0.66009,0.76683,0.82793,0.77869,0.76934,0.67153,0.61899,€/kWh
08/03/2022,0.56816,0.57632,0.58829,0.56163,0.56705,0.57988,0.69685,0.74425,0.81667,0.75551,0.79908,0.75551,0.71622,0.65036,0.57161,0.57391,0.65285,0.76836,0.89537,0.95401,0.89526,0.89142,0.82273,0.76661,€/kWh
07/03/2022,0.56641,0.55354,0.54815,0.53162,0.52692,0.5525,0.58857,0.61665,0.64409,0.6122,0.64009,0.63874,0.63888,0.63458,0.54072,0.49299,0.51414,0.57771,0.67492,0.71078,0.67816,0.64917,0.55379,0.50356,€/kWh
06/03/2022,0.50103,0.46912,0.46546,0.45581,0.46323,0.46694,0.47426,0.49402,0.46742,0.4964,0.44001,0.43384,0.43841,0.42303,0.43765,0.42955,0.432,0.48608,0.54707,0.56818,0.58536,0.58585,0.56867,0.5651,€/kWh
05/03/2022,0.4794,0.46951,0.46604,0.44571,0.45633,0.46485,0.4845,0.48784,0.47036,0.45532,0.44611,0.44295,0.44117,0.4475,0.44548,0.38795,0.42993,0.47988,0.50732,0.51099,0.49826,0.48749,0.47836,0.45884,€/kWh
04/03/2022,0.44638,0.36002,0.36053,0.3581,0.35611,0.35767,0.35512,0.46377,0.49946,0.48433,0.54773,0.50102,0.51693,0.47842,0.41901,0.43982,0.46869,0.50096,0.58583,0.60636,0.59205,0.58201,0.50782,0.49444,€/kWh
03/03/2022,0.41785,0.41335,0.41308,0.40439,0.40478,0.42728,0.46265,0.48709,0.51932,0.46874,0.53068,0.52918,0.52498,0.51835,0.4221,0.41859,0.4408,0.45278,0.53202,0.54017,0.54137,0.53051,0.43834,0.36108,€/kWh
02/03/2022,0.31892,0.31892,0.31972,0.30583,0.30631,0.3212,0.33565,0.3646,0.40707,0.38459,0.42217,0.40771,0.39656,0.37227,0.28439,0.28127,0.28667,0.30961,0.41784,0.44734,0.46154,0.44256,0.35744,0.34318,€/kWh
01/03/2022,0.34115,0.33283,0.31374,0.29406,0.29017,0.29885,0.33848,0.36983,0.39919,0.38621,0.41951,0.37743,0.3722,0.36681,0.29967,0.29992,0.30513,0.34868,0.44715,0.48459,0.48514,0.46054,0.36081,0.35589,€/kWh
28/02/2022,0.37451,0.3702,0.36932,0.37091,0.36609,0.36794,0.36532,0.40168,0.40848,0.38056,0.41896,0.37467,0.37901,0.37595,0.30302,0.30342,0.3472,0.37933,0.47504,0.49698,0.52763,0.50197,0.38823,0.37711,€/kWh
27/02/2022,0.33095,0.32827,0.30381,0.3011,0.30862,0.31591,0.33677,0.33692,0.33102,0.32729,0.32129,0.31402,0.30122,0.31444,0.31452,0.27199,0.27505,0.30226,0.35444,0.37962,0.43758,0.43711,0.38641,0.35261,€/kWh
26/02/2022,0.364,0.34609,0.34266,0.32889,0.32037,0.31923,0.32969,0.34314,0.35143,0.33624,0.3077,0.30499,0.30289,0.29875,0.29858,0.30062,0.30293,0.32786,0.37869,0.37904,0.37325,0.37617,0.33712,0.33171,€/kWh
25/02/2022,0.30005,0.26335,0.24982,0.22642,0.21847,0.23767,0.2749,0.33849,0.36424,0.3638,0.42371,0.4039,0.41247,0.39771,0.3239,0.31889,0.32878,0.35391,0.44819,0.47325,0.46181,0.44528,0.36413,0.36061,€/kWh
24/02/2022,0.26949,0.27056,0.26704,0.26472,0.26869,0.26708,0.27099,0.27378,0.31751,0.30016,0.36094,0.35893,0.35863,0.35461,0.2863,0.27049,0.25255,0.26693,0.35596,0.37322,0.36636,0.36003,0.26894,0.23573,€/kWh
23/02/2022,0.23122,0.22812,0.22404,0.22035,0.21971,0.22681,0.26051,0.26743,0.2983,0.29596,0.35331,0.34118,0.32868,0.32077,0.23837,0.24221,0.25574,0.28672,0.38823,0.39401,0.40087,0.37688,0.29153,0.28717,€/kWh
22/02/2022,0.22931,0.22471,0.2217,0.22006,0.21417,0.22124,0.2494,0.25781,0.29309,0.27964,0.33831,0.31847,0.31558,0.30163,0.21425,0.20937,0.21453,0.2352,0.35843,0.36809,0.37404,0.36245,0.27245,0.25081,€/kWh
21/02/2022,0.26014,0.22573,0.22162,0.20826,0.20229,0.21709,0.26326,0.28067,0.30721,0.30042,0.3457,0.31386,0.3047,0.28773,0.21139,0.194,0.21457,0.23929,0.37512,0.38326,0.39245,0.38132,0.29771,0.26639,€/kWh
20/02/2022,0.25469,0.23504,0.20922,0.20068,0.20198,0.20758,0.22291,0.23401,0.20459,0.19018,0.17811,0.1713,0.17035,0.17129,0.17044,0.16784,0.17469,0.18501,0.25895,0.27743,0.28453,0.28195,0.27047,0.26045,€/kWh
19/02/2022,0.17703,0.16043,0.14689,0.12365,0.1307,0.14722,0.16347,0.18785,0.18794,0.21769,0.18146,0.17188,0.16051,0.16003,0.16079,0.14921,0.15163,0.17457,0.22032,0.2512,0.25812,0.25875,0.25307,0.24513,€/kWh
18/02/2022,0.26269,0.25879,0.25,0.23829,0.23058,0.22952,0.2559,0.26496,0.29513,0.28924,0.35195,0.34517,0.33255,0.32371,0.23018,0.22411,0.2262,0.23039,0.34171,0.35208,0.34137,0.32477,0.22485,0.2173,€/kWh
17/02/2022,0.17652,0.17576,0.14907,0.1436,0.14359,0.15744,0.18652,0.21648,0.27264,0.26761,0.3092,0.29148,0.28091,0.2663,0.20279,0.19534,0.22597,0.23267,0.36397,0.39589,0.42983,0.39345,0.28757,0.27428,€/kWh
16/02/2022,0.22253,0.21583,0.21342,0.20582,0.2032,0.20645,0.21602,0.26929,0.30104,0.29666,0.31773,0.30391,0.3081,0.29627,0.21247,0.20707,0.20698,0.23594,0.36549,0.37984,0.39208,0.38025,0.28825,0.24715,€/kWh
15/02/2022,0.25673,0.24954,0.24113,0.23496,0.22546,0.23016,0.26573,0.29543,0.34023,0.32737,0.37315,0.35158,0.32976,0.30453,0.23448,0.2351,0.2401,0.26847,0.38346,0.39637,0.40628,0.39478,0.30585,0.24864,€/kWh
14/02/2022,0.20771,0.20703,0.20028,0.16061,0.15767,0.20759,0.22746,0.27568,0.30703,0.31208,0.36887,0.34799,0.31415,0.30537,0.23199,0.22846,0.23875,0.27546,0.37979,0.4092,0.3838,0.37659,0.28933,0.27285,€/kWh
13/02/2022,0.2783,0.27796,0.27714,0.25182,0.23238,0.23254,0.23254,0.25318,0.22672,0.2205,0.20946,0.19264,0.19332,0.15718,0.0993,0.12688,0.14638,0.1707,0.21818,0.2351,0.25989,0.25975,0.2197,0.21959,€/kWh
12/02/2022,0.27125,0.27369,0.2704,0.26852,0.265,0.25614,0.26054,0.26856,0.27024,0.26581,0.25359,0.23133,0.22658,0.21534,0.21251,0.21231,0.22033,0.24978,0.27188,0.29288,0.27782,0.27158,0.25846,0.24587,€/kWh
11/02/2022,0.2543,0.23371,0.23208,0.22296,0.2199,0.22595,0.25347,0.27719,0.31326,0.30651,0.35516,0.33557,0.31673,0.31576,0.24577,0.24402,0.25093,0.28792,0.38475,0.40075,0.37536,0.3688,0.2828,0.27421,€/kWh
10/02/2022,0.26385,0.25057,0.24375,0.22872,0.23166,0.22977,0.26054,0.29129,0.32441,0.31213,0.364,0.35256,0.33794,0.32133,0.24838,0.25797,0.27367,0.29771,0.39761,0.40674,0.38963,0.37985,0.28702,0.27243,€/kWh
09/02/2022,0.25009,0.24414,0.24404,0.24298,0.24175,0.24089,0.25856,0.29831,0.33622,0.32114,0.37142,0.35073,0.33892,0.33278,0.2574,0.26367,0.26725,0.30246,0.4109,0.41843,0.40195,0.39776,0.31132,0.2861,€/kWh
08/02/2022,0.23725,0.23556,0.23153,0.22797,0.23858,0.24266,0.24782,0.30238,0.33918,0.31969,0.36225,0.33631,0.33208,0.3273,0.25359,0.25355,0.26175,0.29507,0.40259,0.41003,0.39655,0.39091,0.29046,0.27808,€/kWh
07/02/2022,0.24643,0.23753,0.23608,0.23629,0.22529,0.23967,0.26618,0.30052,0.34175,0.33451,0.38631,0.36356,0.35008,0.34757,0.26618,0.26258,0.26889,0.28847,0.39616,0.39894,0.39371,0.38423,0.27752,0.26746,€/kWh
06/02/2022,0.24775,0.23911,0.23946,0.24015,0.23836,0.24413,0.24388,0.24168,0.23832,0.23154,0.22787,0.22763,0.23143,0.22972,0.22996,0.22475,0.22895,0.23755,0.29083,0.30514,0.31157,0.29753,0.28636,0.24601,€/kWh
05/02/2022,0.27907,0.28066,0.25317,0.25394,0.24555,0.24477,0.25328,0.25274,0.27609,0.26553,0.27048,0.23923,0.24049,0.23854,0.22222,0.21917,0.22627,0.2319,0.28579,0.2885,0.28567,0.28306,0.26684,0.24516,€/kWh
04/02/2022,0.25239,0.2366,0.23655,0.22244,0.22169,0.22106,0.23322,0.27465,0.31112,0.31128,0.3707,0.3457,0.33452,0.32152,0.25148,0.2458,0.25332,0.27452,0.37528,0.39125,0.38367,0.3791,0.28267,0.26327,€/kWh
03/02/2022,0.27523,0.24622,0.2398,0.23537,0.22884,0.23742,0.24814,0.29088,0.33122,0.31408,0.36062,0.35572,0.34473,0.33592,0.26286,0.26407,0.27817,0.30859,0.39746,0.40397,0.3957,0.37843,0.2811,0.27105,€/kWh
02/02/2022,0.23757,0.2336,0.22499,0.22338,0.22526,0.23337,0.23694,0.27896,0.30659,0.30896,0.35555,0.33926,0.34291,0.34058,0.26923,0.26903,0.28129,0.32566,0.43301,0.43142,0.43236,0.4307,0.32307,0.29509,€/kWh
01/02/2022,0.26975,0.25472,0.25665,0.25077,0.23166,0.24466,0.25319,0.28809,0.3396,0.31994,0.34646,0.34041,0.34071,0.33841,0.2698,0.24766,0.27302,0.30283,0.40955,0.41482,0.41113,0.3811,0.2854,0.28216,€/kWh
31/01/2022,0.31453,0.29405,0.26157,0.24641,0.23194,0.23097,0.25482,0.3025,0.34036,0.34034,0.40358,0.39753,0.39102,0.37261,0.28657,0.27197,0.27501,0.32862,0.41435,0.42193,0.41411,0.40092,0.3078,0.2899,€/kWh
30/01/2022,0.30497,0.29138,0.28854,0.2804,0.28015,0.28632,0.28769,0.29599,0.28833,0.29576,0.28569,0.29222,0.29732,0.28104,0.27223,0.26821,0.28473,0.29563,0.33308,0.33526,0.34168,0.33823,0.32769,0.3206,€/kWh
29/01/2022,0.29496,0.28475,0.26576,0.27417,0.27147,0.26471,0.27613,0.29385,0.30743,0.29995,0.29665,0.27801,0.27402,0.26776,0.26215,0.23293,0.23631,0.28467,0.31493,0.33411,0.33018,0.33098,0.32009,0.31467,€/kWh
28/01/2022,0.29654,0.28479,0.2726,0.2613,0.24981,0.26598,0.28492,0.30266,0.33803,0.33189,0.3814,0.37102,0.36652,0.3603,0.26976,0.28244,0.29723,0.32517,0.40948,0.41729,0.41091,0.39832,0.31793,0.30571,€/kWh
27/01/2022,0.30414,0.2968,0.29733,0.28896,0.28626,0.28557,0.28507,0.29633,0.33613,0.33559,0.39056,0.38099,0.38172,0.38265,0.30839,0.3075,0.31414,0.32413,0.4026,0.40873,0.40835,0.39625,0.30131,0.31108,€/kWh
26/01/2022,0.31252,0.30214,0.29976,0.29552,0.29219,0.3007,0.29578,0.29792,0.32943,0.32873,0.39185,0.38978,0.38645,0.38491,0.3114,0.31196,0.31895,0.32381,0.4018,0.40679,0.409,0.40278,0.32465,0.31489,€/kWh
25/01/2022,0.28225,0.2751,0.26492,0.25625,0.25969,0.27847,0.28565,0.28485,0.32106,0.31877,0.37742,0.37159,0.36741,0.36367,0.29481,0.30004,0.3086,0.31564,0.39613,0.4085,0.41871,0.402,0.31916,0.30186,€/kWh
24/01/2022,0.24933,0.23932,0.23936,0.23831,0.23813,0.25193,0.28775,0.297,0.33004,0.3296,0.39252,0.38612,0.38244,0.38198,0.31145,0.3137,0.31598,0.32648,0.42761,0.46741,0.44156,0.41217,0.32575,0.30283,€/kWh
23/01/2022,0.25717,0.25048,0.24952,0.24123,0.24141,0.24195,0.24003,0.24973,0.2485,0.2512,0.24809,0.24791,0.24779,0.23608,0.23432,0.24262,0.24999,0.27659,0.30634,0.31217,0.31745,0.31509,0.28517,0.26272,€/kWh
22/01/2022,0.25079,0.23275,0.22544,0.22491,0.22577,0.22649,0.22648,0.22371,0.21894,0.2329,0.23772,0.2318,0.23261,0.24096,0.24002,0.24307,0.24801,0.26264,0.29105,0.31241,0.29017,0.27151,0.26042,0.25437,€/kWh
21/01/2022,0.23385,0.21626,0.2122,0.20658,0.20671,0.21139,0.21108,0.23442,0.28292,0.28132,0.32592,0.30052,0.2989,0.29964,0.2303,0.22958,0.23439,0.26097,0.35705,0.36778,0.36768,0.3623,0.28451,0.26513,€/kWh
20/01/2022,0.25149,0.24345,0.23802,0.22879,0.22497,0.23369,0.2398,0.2602,0.29963,0.29733,0.35257,0.32745,0.31227,0.31184,0.23253,0.23031,0.23518,0.28253,0.36864,0.39701,0.37467,0.36196,0.26564,0.25468,€/kWh
19/01/2022,0.28553,0.27715,0.26358,0.2526,0.24687,0.25339,0.28332,0.28332,0.3238,0.31319,0.36391,0.35364,0.354,0.35348,0.25243,0.2524,0.25848,0.29964,0.39494,0.42019,0.41415,0.37662,0.29173,0.27145,€/kWh
18/01/2022,0.2749,0.26397,0.26172,0.25494,0.25454,0.26685,0.28577,0.2846,0.32016,0.31506,0.37024,0.36535,0.3643,0.36408,0.29384,0.291,0.29961,0.31706,0.41506,0.43762,0.42239,0.39987,0.31433,0.30099,€/kWh
17/01/2022,0.32378,0.31603,0.30512,0.28472,0.27728,0.29258,0.31688,0.33824,0.35517,0.34204,0.39471,0.38812,0.38793,0.38766,0.31712,0.31218,0.32012,0.33736,0.42645,0.45294,0.44398,0.42158,0.34239,0.32127,€/kWh
16/01/2022,0.29217,0.28361,0.27519,0.26391,0.2518,0.25156,0.26384,0.26257,0.26029,0.26243,0.25901,0.25784,0.25923,0.24634,0.24296,0.25075,0.25796,0.28623,0.32788,0.33773,0.32741,0.31598,0.29221,0.27293,€/kWh
15/01/2022,0.28634,0.28074,0.27622,0.26141,0.25756,0.2598,0.26511,0.28323,0.28755,0.28687,0.27947,0.26961,0.26224,0.25189,0.25625,0.2709,0.27889,0.29671,0.33966,0.33175,0.30971,0.29149,0.28512,0.27881,€/kWh
14/01/2022,0.26233,0.25781,0.25454,0.25059,0.25046,0.25515,0.26276,0.25691,0.28749,0.28557,0.34443,0.32378,0.32134,0.32212,0.25324,0.25664,0.27903,0.29066,0.38039,0.39062,0.39252,0.38172,0.30264,0.29079,€/kWh
13/01/2022,0.24457,0.24544,0.24566,0.24019,0.24514,0.24402,0.2465,0.27544,0.30959,0.30908,0.36903,0.36475,0.36185,0.36208,0.29298,0.29403,0.30286,0.31515,0.42118,0.42548,0.41321,0.38742,0.30365,0.29317,€/kWh
12/01/2022,0.25257,0.24236,0.23997,0.23451,0.23298,0.24666,0.23768,0.25155,0.29734,0.28257,0.3442,0.34062,0.34134,0.34206,0.27299,0.27645,0.27814,0.31078,0.41528,0.42194,0.41267,0.37695,0.2973,0.28289,€/kWh
11/01/2022,0.27137,0.2628,0.25757,0.25226,0.25489,0.26592,0.28093,0.28584,0.33772,0.33695,0.3957,0.35879,0.35251,0.35221,0.28327,0.28413,0.29196,0.33071,0.42253,0.42491,0.42654,0.40636,0.31668,0.29902,€/kWh
10/01/2022,0.26258,0.22799,0.22069,0.22204,0.22281,0.23849,0.26371,0.28776,0.32099,0.32644,0.39264,0.38014,0.37289,0.36522,0.28398,0.27882,0.30679,0.34718,0.45392,0.46432,0.43273,0.40378,0.30488,0.28401,€/kWh
09/01/2022,0.16124,0.14056,0.12935,0.10083,0.0901,0.0945,0.12358,0.14044,0.15719,0.19205,0.18828,0.16306,0.10219,0.10217,0.08797,0.03635,0.13604,0.21744,0.27174,0.30697,0.29563,0.27539,0.27899,0.25128,€/kWh
08/01/2022,0.34783,0.31443,0.29202,0.28861,0.27673,0.27613,0.27428,0.28059,0.28415,0.29587,0.28982,0.27362,0.26392,0.23943,0.22152,0.21472,0.21744,0.24906,0.26787,0.26997,0.26994,0.27,0.24349,0.19953,€/kWh
07/01/2022,0.28147,0.25467,0.24439,0.22746,0.2253,0.22636,0.22544,0.27605,0.32912,0.33597,0.39201,0.38369,0.36474,0.35973,0.28533,0.29013,0.30309,0.33249,0.42283,0.41028,0.40424,0.40534,0.32815,0.30451,€/kWh
06/01/2022,0.27397,0.27438,0.26005,0.24779,0.23525,0.26543,0.2744,0.28548,0.28854,0.28262,0.27253,0.26294,0.25946,0.25912,0.25031,0.24551,0.26118,0.284,0.34792,0.35209,0.31889,0.29236,0.27692,0.27225,€/kWh
05/01/2022,0.16659,0.14969,0.12537,0.11473,0.119,0.13839,0.22558,0.26278,0.29049,0.29289,0.3557,0.34834,0.34565,0.34263,0.27142,0.27727,0.28609,0.29159,0.37789,0.40858,0.39905,0.37209,0.29024,0.28357,€/kWh
04/01/2022,0.17465,0.16391,0.16168,0.15358,0.15268,0.16379,0.20656,0.20743,0.25267,0.2652,0.33283,0.32375,0.32376,0.32006,0.23202,0.22599,0.22876,0.2383,0.3315,0.32457,0.29928,0.29142,0.21135,0.17407,€/kWh
03/01/2022,0.23741,0.21514,0.20871,0.20375,0.19649,0.20068,0.20287,0.20664,0.26511,0.25798,0.29868,0.28837,0.28407,0.27619,0.18977,0.17326,0.1903,0.21717,0.31966,0.32648,0.29516,0.2811,0.17933,0.16471,€/kWh
02/01/2022,0.18621,0.16859,0.16436,0.1688,0.17315,0.16753,0.17081,0.18378,0.16548,0.16064,0.15362,0.14137,0.14113,0.14785,0.15449,0.14814,0.15993,0.21037,0.25285,0.25534,0.26748,0.26811,0.2477,0.23227,€/kWh
01/01/2022,0.20451,0.17135,0.1727,0.15607,0.15908,0.15728,0.15887,0.15758,0.15618,0.11896,0.12206,0.12797,0.1399,0.14195,0.14348,0.14769,0.17214,0.21224,0.24074,0.24433,0.24711,0.24838,0.24888,0.2291,€/kWh
31/12/2021,0.20139,0.1802,0.16539,0.16415,0.16095,0.16233,0.16732,0.17432,0.19937,0.20148,0.20462,0.17885,0.19047,0.19131,0.1999,0.19838,0.22107,0.25658,0.27938,0.27054,0.2614,0.25243,0.20033,0.18809,€/kWh
30/12/2021,0.2626,0.24856,0.24045,0.23734,0.23689,0.23634,0.25262,0.25607,0.29798,0.29438,0.26843,0.25514,0.25559,0.26173,0.24892,0.24393,0.25796,0.30228,0.34342,0.34315,0.33964,0.33023,0.27632,0.26069,€/kWh
29/12/2021,0.15506,0.135,0.13711,0.1333,0.13727,0.16559,0.19282,0.24408,0.26684,0.26953,0.28148,0.28141,0.28283,0.28302,0.27175,0.26662,0.26719,0.27399,0.31725,0.32887,0.34814,0.33246,0.29748,0.27685,€/kWh
28/12/2021,0.09487,0.07338,0.03573,0.03097,0.0381,0.046,0.10398,0.14018,0.17403,0.19729,0.20726,0.19934,0.1898,0.17863,0.16195,0.15299,0.16502,0.20567,0.22179,0.24809,0.25388,0.25082,0.18629,0.16753,€/kWh
27/12/2021,0.09527,0.04023,0.03977,0.03864,0.0389,0.0393,0.04443,0.14641,0.1802,0.21658,0.18025,0.17526,0.17005,0.16868,0.13243,0.15879,0.16982,0.27297,0.28977,0.27707,0.24574,0.20697,0.1716,0.16316,€/kWh
26/12/2021,0.29107,0.25094,0.24032,0.24144,0.19658,0.19161,0.19251,0.22357,0.23473,0.24448,0.25265,0.25593,0.25232,0.24525,0.24518,0.24751,0.2522,0.27027,0.29457,0.30373,0.2916,0.2517,0.23721,0.21941,€/kWh
25/12/2021,0.31648,0.29782,0.27285,0.23118,0.20105,0.18723,0.19113,0.2496,0.26247,0.28327,0.28978,0.30758,0.3178,0.30908,0.28976,0.28844,0.29573,0.31202,0.32388,0.35082,0.38555,0.39484,0.37672,0.33333,€/kWh
24/12/2021,0.4298,0.39294,0.34696,0.33908,0.33158,0.34038,0.37218,0.38581,0.42776,0.4533,0.48437,0.45143,0.42322,0.41158,0.38373,0.39714,0.40115,0.41846,0.44389,0.43724,0.42263,0.41651,0.39469,0.35351,€/kWh
23/12/2021,0.48561,0.45062,0.3964,0.39015,0.40596,0.4554,0.48442,0.49183,0.50848,0.50604,0.51653,0.51601,0.51614,0.5184,0.5058,0.51158,0.51034,0.51155,0.53521,0.53681,0.53501,0.52696,0.50762,0.48399,€/kWh
22/12/2021,0.444,0.44192,0.43235,0.42786,0.42475,0.43687,0.44087,0.4559,0.47856,0.47634,0.47653,0.46908,0.46326,0.46052,0.44677,0.45132,0.46275,0.47575,0.4963,0.49817,0.4995,0.49096,0.46037,0.43451,€/kWh
21/12/2021,0.40495,0.39317,0.37834,0.34324,0.34298,0.38335,0.39006,0.40532,0.43356,0.43283,0.43401,0.42588,0.42084,0.41878,0.4093,0.41608,0.42571,0.43353,0.4712,0.47963,0.48759,0.47008,0.4383,0.41723,€/kWh
20/12/2021,0.40518,0.39044,0.4104,0.35526,0.34903,0.36526,0.39153,0.43779,0.45879,0.45712,0.45969,0.45745,0.45728,0.46062,0.44891,0.45272,0.45962,0.46052,0.48587,0.49328,0.49551,0.48853,0.45644,0.42652,€/kWh
19/12/2021,0.42359,0.40636,0.39764,0.35884,0.35724,0.35809,0.3924,0.40347,0.39917,0.40538,0.40211,0.39967,0.39443,0.39448,0.3954,0.3933,0.4005,0.42059,0.43129,0.43776,0.43918,0.4306,0.41277,0.4065,€/kWh
18/12/2021,0.38923,0.37947,0.38055,0.34578,0.34024,0.34873,0.35238,0.37745,0.38933,0.38852,0.38336,0.37854,0.37864,0.35981,0.35306,0.37249,0.38529,0.39522,0.41776,0.42364,0.42362,0.4054,0.39971,0.39725,€/kWh
17/12/2021,0.36354,0.34843,0.3381,0.32497,0.31874,0.34126,0.37728,0.39941,0.42099,0.419,0.42016,0.41809,0.41701,0.41648,0.40338,0.40677,0.41349,0.42587,0.46161,0.4627,0.45349,0.42267,0.40436,0.38429,€/kWh
16/12/2021,0.3671,0.35479,0.34956,0.33371,0.32352,0.33849,0.34894,0.39272,0.41675,0.41203,0.40692,0.40351,0.40655,0.40758,0.38748,0.39172,0.39936,0.41681,0.4479,0.45176,0.45762,0.42872,0.3812,0.36998,€/kWh
15/12/2021,0.36987,0.35567,0.34857,0.33331,0.33267,0.35902,0.34839,0.36641,0.38687,0.38251,0.39032,0.38602,0.38054,0.38078,0.3574,0.36405,0.37617,0.38704,0.41476,0.42184,0.42597,0.41182,0.39279,0.36944,€/kWh
14/12/2021,0.36304,0.35666,0.34868,0.31994,0.31468,0.33248,0.35995,0.35995,0.38178,0.3776,0.38089,0.35748,0.36817,0.37342,0.35812,0.37025,0.37551,0.38685,0.41809,0.42437,0.42738,0.40364,0.38453,0.35834,€/kWh
13/12/2021,0.32186,0.29829,0.29076,0.28923,0.2868,0.30006,0.33373,0.35034,0.3768,0.37031,0.35059,0.34744,0.34647,0.34779,0.3369,0.34049,0.36525,0.38671,0.41262,0.41785,0.42242,0.40443,0.37886,0.35418,€/kWh
12/12/2021,0.33694,0.32597,0.31901,0.30213,0.28941,0.29458,0.30343,0.32168,0.31098,0.32455,0.31445,0.30529,0.31768,0.31913,0.31193,0.30304,0.32298,0.35688,0.37038,0.37381,0.36729,0.36467,0.36055,0.32983,€/kWh
11/12/2021,0.28295,0.27641,0.27157,0.26531,0.26517,0.2713,0.27089,0.26095,0.26369,0.26907,0.26597,0.28279,0.29505,0.30752,0.29788,0.30618,0.32565,0.35117,0.36158,0.36025,0.35393,0.35612,0.34726,0.33433,€/kWh
10/12/2021,0.23656,0.23193,0.17616,0.1409,0.13878,0.17441,0.23408,0.27112,0.32278,0.32392,0.33393,0.31894,0.29866,0.29729,0.28473,0.28683,0.31255,0.3266,0.34479,0.35377,0.35696,0.33578,0.31575,0.29401,€/kWh
09/12/2021,0.26506,0.23743,0.23474,0.23401,0.23372,0.23731,0.24511,0.29635,0.32593,0.31999,0.32732,0.30529,0.29143,0.28972,0.27763,0.29039,0.30708,0.32075,0.34098,0.34246,0.34525,0.33083,0.2975,0.261,€/kWh
08/12/2021,0.22915,0.15628,0.14701,0.06557,0.04101,0.0393,0.05313,0.05148,0.09606,0.07904,0.12809,0.03655,0.02997,0.07368,0.12232,0.11071,0.18415,0.22613,0.24799,0.2879,0.29727,0.29607,0.27729,0.25076,€/kWh
07/12/2021,0.27969,0.2542,0.25426,0.25519,0.25518,0.27667,0.27097,0.28731,0.30912,0.30648,0.30464,0.29611,0.28327,0.2682,0.25411,0.2553,0.25696,0.2787,0.30903,0.31926,0.32483,0.31171,0.2728,0.25861,€/kWh
06/12/2021,0.26118,0.249,0.24211,0.23481,0.2324,0.23136,0.23462,0.24305,0.24017,0.2394,0.24068,0.23974,0.23744,0.24108,0.24586,0.26171,0.28763,0.30984,0.31919,0.32525,0.33859,0.31038,0.30087,0.2856,€/kWh
05/12/2021,0.22849,0.14696,0.11842,0.03155,0.02464,0.02324,0.02557,0.03357,0.11315,0.12043,0.11236,0.06094,0.03729,0.04167,0.03785,0.02485,0.11394,0.23072,0.27925,0.30306,0.3157,0.31723,0.3102,0.28834,€/kWh
04/12/2021,0.3059,0.28575,0.262,0.24335,0.24369,0.24227,0.24444,0.26117,0.27644,0.28504,0.28346,0.27963,0.28209,0.27287,0.27029,0.26091,0.2772,0.30362,0.31044,0.30914,0.30125,0.30963,0.28888,0.2743,€/kWh
03/12/2021,0.30595,0.27196,0.25475,0.25111,0.24996,0.25466,0.26029,0.28924,0.32635,0.32381,0.30667,0.28714,0.27965,0.27415,0.2574,0.26577,0.29378,0.33694,0.36803,0.36738,0.36782,0.35887,0.31684,0.28972,€/kWh
02/12/2021,0.29298,0.25652,0.24946,0.247,0.22544,0.24238,0.24844,0.29847,0.32809,0.32549,0.31598,0.27003,0.26746,0.25872,0.23295,0.2483,0.26051,0.32675,0.35406,0.36968,0.37537,0.37506,0.33968,0.33424,€/kWh
01/12/2021,0.36245,0.32872,0.31394,0.29576,0.25864,0.25786,0.30518,0.33656,0.36049,0.33515,0.33198,0.32682,0.32271,0.31885,0.30091,0.30953,0.3152,0.32448,0.36135,0.37693,0.37905,0.3488,0.32095,0.26246,€/kWh
30/11/2021,0.31288,0.30852,0.30065,0.28073,0.27408,0.29751,0.33333,0.35327,0.37979,0.37428,0.37922,0.3669,0.35031,0.3502,0.34192,0.34579,0.35868,0.38142,0.40377,0.3971,0.39594,0.39588,0.36356,0.33336,€/kWh
29/11/2021,0.25316,0.24716,0.14837,0.13832,0.13885,0.24214,0.24534,0.26623,0.29309,0.29369,0.30052,0.28808,0.28596,0.28755,0.27599,0.29163,0.30085,0.31426,0.35013,0.35626,0.38158,0.35877,0.33666,0.32498,€/kWh
28/11/2021,0.26517,0.25341,0.2447,0.23786,0.23266,0.22992,0.23639,0.23987,0.23988,0.2506,0.2508,0.25181,0.2386,0.23732,0.23713,0.23536,0.24447,0.28673,0.30576,0.29603,0.28527,0.28451,0.26251,0.24314,€/kWh
27/11/2021,0.27701,0.27526,0.26609,0.24794,0.23156,0.2258,0.2253,0.2567,0.25893,0.26746,0.26556,0.25003,0.21544,0.21508,0.21529,0.21473,0.24406,0.27679,0.2988,0.29428,0.29193,0.27506,0.26851,0.25522,€/kWh
26/11/2021,0.29543,0.2876,0.27663,0.25719,0.24592,0.27012,0.27716,0.28735,0.31835,0.31012,0.3111,0.30118,0.29678,0.29348,0.25474,0.25485,0.29163,0.31206,0.33509,0.33741,0.33603,0.32639,0.30692,0.29874,€/kWh
25/11/2021,0.28144,0.27374,0.26189,0.25495,0.25808,0.27186,0.2725,0.28654,0.32237,0.31873,0.31544,0.30667,0.29905,0.29518,0.27875,0.27498,0.28965,0.30314,0.33393,0.3398,0.34282,0.33396,0.30109,0.28991,€/kWh
24/11/2021,0.28245,0.26623,0.2546,0.24321,0.24254,0.26406,0.28878,0.31234,0.33941,0.32663,0.3166,0.30656,0.30333,0.29695,0.27117,0.26247,0.27695,0.28999,0.31813,0.32824,0.33313,0.32017,0.28134,0.27228,€/kWh
23/11/2021,0.2636,0.25311,0.24823,0.24151,0.23882,0.24777,0.26082,0.27209,0.29265,0.2881,0.29403,0.29024,0.28891,0.28894,0.27903,0.28496,0.29249,0.30856,0.34958,0.35876,0.36991,0.35636,0.31336,0.30846,€/kWh
22/11/2021,0.28635,0.27436,0.25396,0.25463,0.24933,0.25518,0.2946,0.30165,0.32727,0.31972,0.32451,0.32151,0.32348,0.31853,0.305,0.30633,0.30764,0.31768,0.34496,0.35145,0.35365,0.32441,0.30044,0.29571,€/kWh
21/11/2021,0.33276,0.31406,0.30408,0.29744,0.29458,0.29084,0.27614,0.26904,0.26552,0.2751,0.273,0.26928,0.26996,0.25867,0.25138,0.2534,0.27108,0.2976,0.31283,0.31756,0.30134,0.29396,0.27672,0.26432,€/kWh
20/11/2021,0.26326,0.25684,0.25381,0.24615,0.24295,0.24417,0.24612,0.2516,0.24768,0.26605,0.26942,0.2636,0.27241,0.25977,0.25566,0.26655,0.282,0.28959,0.31475,0.31931,0.31829,0.30636,0.2963,0.30165,€/kWh
19/11/2021,0.27289,0.27105,0.26813,0.2506,0.25221,0.26741,0.2786,0.28691,0.31378,0.29873,0.30274,0.29979,0.30247,0.30224,0.29183,0.29313,0.30257,0.31709,0.35383,0.35512,0.34372,0.31447,0.29886,0.29922,€/kWh
18/11/2021,0.27657,0.27486,0.26345,0.24688,0.23331,0.25732,0.25107,0.28171,0.31268,0.29653,0.28447,0.27329,0.28994,0.29546,0.28824,0.30208,0.31567,0.33494,0.36782,0.36446,0.35218,0.33662,0.31518,0.30519,€/kWh
17/11/2021,0.24314,0.2362,0.23029,0.21303,0.21133,0.21467,0.23712,0.27616,0.30257,0.27569,0.25545,0.23608,0.23615,0.23597,0.22336,0.22743,0.25197,0.27708,0.32391,0.3344,0.31925,0.30298,0.2877,0.2732,€/kWh
16/11/2021,0.22663,0.21047,0.20657,0.2039,0.20493,0.22192,0.24015,0.24302,0.26769,0.26221,0.26102,0.24593,0.25272,0.25669,0.22904,0.2364,0.25318,0.2747,0.31678,0.33335,0.33432,0.30051,0.26158,0.25385,€/kWh
15/11/2021,0.21194,0.20625,0.20395,0.19918,0.19652,0.21244,0.24012,0.25992,0.27877,0.25337,0.2468,0.21277,0.20808,0.20865,0.19925,0.21,0.23135,0.26275,0.29737,0.30917,0.31613,0.29784,0.26155,0.24622,€/kWh
14/11/2021,0.23254,0.21928,0.21758,0.20514,0.19577,0.19319,0.20386,0.2143,0.20771,0.21506,0.22008,0.21041,0.22273,0.21071,0.19687,0.19567,0.20227,0.24905,0.25576,0.25628,0.24875,0.24433,0.23279,0.20869,€/kWh
13/11/2021,0.23834,0.23382,0.22225,0.19716,0.19765,0.1975,0.19514,0.21904,0.21737,0.21257,0.21124,0.21578,0.21579,0.21458,0.21501,0.21636,0.22302,0.2591,0.27041,0.26349,0.24868,0.24768,0.23474,0.22778,€/kWh
12/11/2021,0.22911,0.22502,0.21908,0.20858,0.20438,0.21029,0.23044,0.25045,0.27633,0.26504,0.26937,0.25798,0.25679,0.25514,0.24349,0.24051,0.24667,0.2527,0.28301,0.28236,0.25945,0.25311,0.22963,0.22605,€/kWh
11/11/2021,0.2091,0.20376,0.20316,0.19455,0.19754,0.20281,0.21137,0.23955,0.26345,0.25127,0.24769,0.24333,0.24286,0.24389,0.2293,0.23168,0.25076,0.26807,0.31593,0.31245,0.29667,0.27782,0.24222,0.22542,€/kWh
10/11/2021,0.23247,0.22705,0.22661,0.21784,0.21934,0.22921,0.2516,0.26044,0.28373,0.26978,0.26685,0.26379,0.26494,0.26509,0.25227,0.2535,0.25886,0.27605,0.30336,0.31055,0.31129,0.30298,0.27017,0.25304,€/kWh
09/11/2021,0.19579,0.19867,0.19483,0.18902,0.18915,0.20148,0.21926,0.23166,0.2498,0.24297,0.23917,0.21986,0.23545,0.23754,0.23173,0.24408,0.24688,0.25982,0.29052,0.29903,0.29786,0.27387,0.25538,0.25347,€/kWh
08/11/2021,0.22136,0.21658,0.19976,0.18814,0.18774,0.2021,0.21945,0.2281,0.24474,0.23239,0.23389,0.20411,0.20483,0.20479,0.19309,0.19469,0.22379,0.24005,0.26933,0.27648,0.27906,0.27589,0.25151,0.2422,€/kWh
07/11/2021,0.18291,0.16881,0.15307,0.12202,0.10031,0.12008,0.13162,0.13181,0.16542,0.16969,0.16536,0.16777,0.16918,0.16133,0.15673,0.15994,0.17278,0.22652,0.23369,0.2426,0.2303,0.22999,0.22688,0.22647,€/kWh
06/11/2021,0.2317,0.22294,0.22092,0.21031,0.19277,0.18491,0.19463,0.20866,0.21266,0.19362,0.17432,0.16837,0.16728,0.1713,0.1702,0.16883,0.17917,0.21931,0.2321,0.23462,0.21754,0.21484,0.20892,0.20213,€/kWh
05/11/2021,0.20664,0.20551,0.20097,0.19037,0.18486,0.20407,0.22619,0.23299,0.25168,0.24461,0.23999,0.23056,0.2217,0.21317,0.19481,0.19253,0.23297,0.24954,0.27021,0.27707,0.27951,0.27399,0.25387,0.24428,€/kWh
04/11/2021,0.2078,0.19601,0.18857,0.18603,0.18842,0.20374,0.22594,0.23275,0.25419,0.24689,0.24821,0.24007,0.2344,0.22704,0.20857,0.20936,0.23341,0.25179,0.27456,0.26664,0.25611,0.25227,0.23665,0.23199,€/kWh
03/11/2021,0.18722,0.18441,0.18192,0.17113,0.16997,0.17955,0.2035,0.23231,0.25013,0.2364,0.23327,0.20908,0.19946,0.18259,0.16958,0.17221,0.17395,0.21618,0.25204,0.26355,0.2786,0.25722,0.22528,0.20264,€/kWh
02/11/2021,0.15042,0.13797,0.13449,0.13373,0.13476,0.13667,0.17654,0.21464,0.23403,0.22627,0.22662,0.19503,0.18295,0.17133,0.15822,0.18235,0.2174,0.22863,0.25097,0.27358,0.30187,0.27702,0.24234,0.22811,€/kWh
01/11/2021,0.11638,0.09029,0.07875,0.05528,0.04811,0.07837,0.0964,0.11506,0.12632,0.12093,0.1124,0.10624,0.10685,0.09726,0.08558,0.09964,0.11875,0.17294,0.22697,0.2207,0.20186,0.18916,0.18651,0.17315,€/kWh
31/10/2021,0.17148,0.1239,0.10485,0.09203,0.09299,0.08687,0.0862,0.08803,0.08182,0.10263,0.09109,0.0911,0.08649,0.07978,0.0808,0.08134,0.09209,0.1113,0.12285,0.13187,0.18538,0.16554,0.15239,0.14612,€/kWh
30/10/2021,0.13104,0.12055,0.10397,0.09251,0.08743,0.09089,0.10838,0.12568,0.15316,0.18485,0.18857,0.18009,0.17628,0.16096,0.14934,0.13481,0.16428,0.18968,0.2064,0.2275,0.23331,0.2187,0.1891,0.1687,€/kWh
29/10/2021,0.18088,0.16591,0.16331,0.18306,0.18444,0.18452,0.20127,0.23259,0.27697,0.27175,0.27699,0.2646,0.25831,0.25174,0.23472,0.2162,0.22625,0.25019,0.27809,0.29232,0.28465,0.26161,0.22345,0.21783,€/kWh
28/10/2021,0.26927,0.24122,0.228,0.22664,0.21714,0.22523,0.2504,0.28382,0.32696,0.30533,0.29568,0.27916,0.26559,0.2524,0.23208,0.22622,0.23092,0.26312,0.29635,0.32455,0.33265,0.31514,0.25788,0.2498,€/kWh
27/10/2021,0.29352,0.28923,0.27659,0.27383,0.27379,0.27281,0.27437,0.30111,0.33413,0.32039,0.3104,0.29641,0.29149,0.26535,0.24128,0.2381,0.24022,0.27125,0.31349,0.34728,0.34284,0.33486,0.30685,0.28844,€/kWh
26/10/2021,0.26947,0.24234,0.23081,0.23156,0.23023,0.22967,0.26566,0.28486,0.32794,0.30789,0.30493,0.2675,0.27644,0.26944,0.23972,0.23977,0.25056,0.29245,0.32353,0.35254,0.35647,0.34353,0.31299,0.29385,€/kWh
25/10/2021,0.28118,0.28278,0.26623,0.26622,0.26573,0.26487,0.25952,0.2922,0.32548,0.31134,0.30951,0.29668,0.28575,0.27143,0.26875,0.2623,0.28232,0.2988,0.32046,0.34874,0.33532,0.32289,0.29348,0.27804,€/kWh
24/10/2021,0.29973,0.27863,0.27546,0.25811,0.25835,0.25788,0.25552,0.27322,0.27535,0.26668,0.24028,0.22229,0.23286,0.23594,0.23508,0.2185,0.2182,0.23368,0.26681,0.29849,0.33329,0.32819,0.30638,0.29059,€/kWh
23/10/2021,0.2582,0.24565,0.24384,0.23599,0.2423,0.23648,0.25202,0.27262,0.28202,0.28713,0.26553,0.2408,0.23099,0.22754,0.2251,0.21565,0.21792,0.24713,0.28991,0.31177,0.31038,0.31004,0.29274,0.27203,€/kWh
22/10/2021,0.25555,0.23213,0.22417,0.22064,0.22103,0.22836,0.24716,0.28317,0.33466,0.31616,0.29618,0.27264,0.26736,0.25872,0.23618,0.23449,0.23653,0.23893,0.2858,0.31232,0.33128,0.31786,0.29347,0.28531,€/kWh
21/10/2021,0.25443,0.24804,0.24767,0.24083,0.24064,0.24641,0.26354,0.28338,0.31536,0.30817,0.29134,0.26186,0.25934,0.25151,0.24182,0.24158,0.24159,0.26546,0.29351,0.32845,0.33333,0.3173,0.28206,0.27489,€/kWh
20/10/2021,0.23216,0.23058,0.22988,0.23081,0.23137,0.232,0.25143,0.30186,0.34076,0.32355,0.30398,0.26993,0.25517,0.24792,0.22306,0.2018,0.2016,0.2292,0.25873,0.30965,0.34225,0.34117,0.30595,0.29196,€/kWh
19/10/2021,0.2811,0.25968,0.23795,0.23247,0.23131,0.23176,0.24712,0.29034,0.33459,0.31957,0.28963,0.27254,0.27207,0.25934,0.24458,0.233,0.23369,0.25007,0.28786,0.31928,0.34206,0.33753,0.28415,0.25937,€/kWh
18/10/2021,0.28238,0.2696,0.2625,0.25963,0.2578,0.26115,0.26802,0.30871,0.34338,0.3189,0.30556,0.28506,0.26664,0.26151,0.25833,0.25653,0.27282,0.30059,0.33639,0.34893,0.36804,0.35323,0.33458,0.30252,€/kWh
17/10/2021,0.26984,0.26317,0.25409,0.24717,0.24596,0.24425,0.23897,0.2515,0.24885,0.25243,0.2442,0.24231,0.24231,0.24119,0.23978,0.22725,0.22838,0.24069,0.26755,0.30862,0.33276,0.32224,0.31048,0.30204,€/kWh
16/10/2021,0.29855,0.29189,0.28388,0.27702,0.27493,0.27492,0.28259,0.28725,0.28896,0.29376,0.2745,0.26045,0.25615,0.25751,0.25173,0.24057,0.23281,0.24654,0.2858,0.30773,0.32044,0.31487,0.28943,0.27848,€/kWh
15/10/2021,0.28818,0.2749,0.26496,0.26131,0.26108,0.26958,0.28924,0.30051,0.34525,0.32948,0.32592,0.31433,0.28894,0.28233,0.27197,0.2632,0.27351,0.29259,0.32504,0.33934,0.33444,0.33421,0.32537,0.30816,€/kWh
14/10/2021,0.25493,0.25109,0.24489,0.24901,0.25194,0.25178,0.27877,0.29237,0.33747,0.31042,0.2969,0.28536,0.27728,0.26901,0.24183,0.23467,0.23564,0.2689,0.30234,0.32742,0.33582,0.33213,0.31714,0.30544,€/kWh
13/10/2021,0.22169,0.20741,0.19692,0.18722,0.18617,0.20279,0.22175,0.263,0.29034,0.27934,0.25643,0.23865,0.24126,0.23626,0.22417,0.22788,0.25357,0.26686,0.29694,0.32221,0.32326,0.3133,0.29427,0.27332,€/kWh
12/10/2021,0.22387,0.22572,0.22274,0.22079,0.22101,0.22169,0.23318,0.2498,0.24884,0.24999,0.23249,0.21571,0.21569,0.21562,0.21102,0.19385,0.18887,0.2164,0.24349,0.26638,0.28418,0.27235,0.26543,0.23052,€/kWh
11/10/2021,0.19484,0.1887,0.17083,0.17195,0.18104,0.1954,0.22799,0.27457,0.3023,0.29116,0.28866,0.25828,0.24528,0.24274,0.22723,0.20938,0.21406,0.25635,0.30959,0.32488,0.32745,0.31869,0.28884,0.25212,€/kWh
10/10/2021,0.2304,0.23246,0.21663,0.21633,0.20549,0.20738,0.2174,0.21934,0.22268,0.20624,0.19143,0.17327,0.18065,0.20129,0.2129,0.17885,0.18056,0.22864,0.27028,0.29762,0.30973,0.30424,0.28269,0.24186,€/kWh
09/10/2021,0.30216,0.29591,0.2924,0.28916,0.27668,0.27694,0.27925,0.29725,0.29844,0.29893,0.27403,0.25754,0.25689,0.25582,0.25375,0.22311,0.21518,0.24364,0.2784,0.30709,0.30771,0.30463,0.2864,0.25086,€/kWh
08/10/2021,0.28733,0.27916,0.26938,0.26056,0.24711,0.25209,0.28689,0.32171,0.36864,0.32989,0.30776,0.28404,0.26142,0.25653,0.24985,0.24934,0.25474,0.29271,0.33237,0.35666,0.38,0.36974,0.32447,0.30125,€/kWh
07/10/2021,0.3427,0.33341,0.31117,0.31095,0.30804,0.3242,0.36783,0.3603,0.38632,0.37552,0.38779,0.3871,0.38306,0.37224,0.35815,0.35975,0.38232,0.38615,0.39404,0.39397,0.41671,0.39625,0.39371,0.39646,€/kWh
06/10/2021,0.29567,0.29586,0.29412,0.28985,0.28619,0.28579,0.2936,0.29483,0.32476,0.30923,0.30696,0.2784,0.27217,0.26465,0.25791,0.25815,0.2625,0.29577,0.32154,0.34269,0.34887,0.3328,0.31937,0.30866,€/kWh
05/10/2021,0.24949,0.23529,0.21566,0.21536,0.21273,0.21458,0.24917,0.27627,0.30415,0.29057,0.27749,0.26692,0.26504,0.26533,0.24236,0.22787,0.2317,0.26051,0.2971,0.33387,0.34396,0.34256,0.3315,0.31281,€/kWh
04/10/2021,0.19991,0.19697,0.18828,0.19146,0.1981,0.20354,0.249,0.26626,0.29582,0.27607,0.27064,0.25645,0.23825,0.23137,0.21276,0.21468,0.22043,0.25222,0.2879,0.31144,0.33426,0.32994,0.29225,0.27587,€/kWh
03/10/2021,0.16052,0.13028,0.09726,0.09241,0.08076,0.04885,0.08433,0.13393,0.13605,0.17178,0.17148,0.17113,0.17068,0.16961,0.15363,0.08705,0.0944,0.14862,0.17068,0.20009,0.25533,0.25956,0.25002,0.20604,€/kWh
02/10/2021,0.28816,0.2859,0.28002,0.27713,0.27526,0.27342,0.27302,0.27031,0.26686,0.26136,0.24964,0.19732,0.17434,0.16344,0.15945,0.08432,0.07611,0.12201,0.17002,0.19756,0.25657,0.2558,0.201,0.18261,€/kWh
01/10/2021,0.27272,0.27036,0.26974,0.26713,0.26617,0.26664,0.2697,0.27186,0.30325,0.28874,0.29474,0.28763,0.28163,0.27598,0.26016,0.26145,0.26124,0.26346,0.28032,0.29972,0.3099,0.31154,0.29701,0.29325,€/kWh
30/09/2021,0.20583,0.19383,0.18116,0.18165,0.18356,0.19847,0.23168,0.24251,0.26483,0.26058,0.2633,0.2567,0.26005,0.26337,0.2481,0.24848,0.25208,0.25826,0.27458,0.29612,0.29789,0.29755,0.27655,0.27053,€/kWh
29/09/2021,0.22122,0.21236,0.21258,0.20578,0.21387,0.22006,0.2366,0.23925,0.26408,0.25573,0.26104,0.25396,0.2565,0.2576,0.24366,0.24026,0.24013,0.24442,0.26229,0.27202,0.28287,0.2781,0.26277,0.2598,€/kWh
28/09/2021,0.22727,0.22786,0.22559,0.21984,0.21955,0.22498,0.22665,0.22699,0.25155,0.24374,0.25264,0.2495,0.24491,0.24438,0.22301,0.2038,0.21528,0.23274,0.25494,0.25911,0.26562,0.25966,0.24444,0.21104,€/kWh
27/09/2021,0.20934,0.19131,0.17756,0.17564,0.17649,0.17829,0.21413,0.22155,0.24826,0.24191,0.24944,0.24755,0.24425,0.2437,0.23011,0.22799,0.22392,0.23202,0.24659,0.2559,0.2659,0.26555,0.24892,0.24216,€/kWh
26/09/2021,0.22191,0.20953,0.20525,0.1962,0.1967,0.19662,0.2079,0.21735,0.21432,0.20238,0.1855,0.15977,0.15948,0.16884,0.16507,0.15579,0.14424,0.17097,0.20898,0.22731,0.23529,0.23893,0.22986,0.22675,€/kWh
25/09/2021,0.22339,0.22428,0.21953,0.21399,0.20703,0.20703,0.20637,0.21711,0.21419,0.21391,0.20726,0.1949,0.18372,0.15814,0.15334,0.14129,0.1544,0.18345,0.2083,0.22496,0.22737,0.22758,0.22328,0.20849,€/kWh
24/09/2021,0.20167,0.19331,0.18356,0.1824,0.18849,0.18937,0.20315,0.21298,0.23725,0.23474,0.2428,0.24304,0.24273,0.24286,0.23098,0.22824,0.23031,0.23111,0.24057,0.24994,0.26052,0.25898,0.23813,0.23186,€/kWh
23/09/2021,0.19699,0.17189,0.16542,0.16388,0.16392,0.16529,0.19967,0.21078,0.24006,0.23358,0.24014,0.23952,0.24073,0.24116,0.22282,0.1844,0.1823,0.22285,0.2433,0.25702,0.26386,0.26204,0.24417,0.23629,€/kWh
22/09/2021,0.19528,0.18546,0.18234,0.18617,0.19706,0.21038,0.2197,0.23218,0.25342,0.23768,0.24353,0.22889,0.24305,0.24324,0.228,0.2087,0.21116,0.23169,0.25001,0.26458,0.26635,0.26599,0.24302,0.23951,€/kWh
21/09/2021,0.16364,0.16165,0.15442,0.15414,0.15362,0.16287,0.18831,0.22118,0.2464,0.22838,0.22257,0.21475,0.20769,0.19385,0.17929,0.1784,0.18255,0.20195,0.23366,0.25676,0.25938,0.25534,0.22141,0.1875,€/kWh
20/09/2021,0.19385,0.17908,0.17857,0.17864,0.17794,0.17656,0.20286,0.22179,0.24807,0.23592,0.23694,0.22503,0.21661,0.21042,0.19049,0.19632,0.19283,0.1944,0.212,0.25052,0.25895,0.25174,0.21489,0.19166,€/kWh
19/09/2021,0.20643,0.20137,0.20199,0.203,0.20322,0.20365,0.20335,0.20384,0.19041,0.16884,0.15595,0.14232,0.12674,0.14263,0.14861,0.12642,0.12676,0.15906,0.18132,0.20637,0.22435,0.22874,0.22431,0.22049,€/kWh
18/09/2021,0.21928,0.21711,0.21133,0.19804,0.19372,0.19714,0.21209,0.20254,0.20105,0.1975,0.17539,0.16883,0.16881,0.16948,0.16404,0.1541,0.15403,0.16682,0.20035,0.23176,0.22795,0.22653,0.22296,0.21866,€/kWh
17/09/2021,0.21246,0.21042,0.19726,0.19536,0.19329,0.19615,0.21111,0.2182,0.24555,0.23704,0.24092,0.23214,0.22422,0.20048,0.18804,0.18831,0.18927,0.21836,0.24322,0.25174,0.25681,0.24986,0.2311,0.21088,€/kWh
16/09/2021,0.23063,0.22509,0.21754,0.21699,0.21665,0.21658,0.22203,0.23088,0.25567,0.24898,0.25243,0.25321,0.25259,0.25242,0.24119,0.23559,0.23284,0.23298,0.25625,0.26929,0.27006,0.27139,0.25711,0.25645,€/kWh
15/09/2021,0.21144,0.20849,0.20147,0.19923,0.19933,0.20199,0.20877,0.2193,0.25538,0.25305,0.34555,0.34416,0.34566,0.34106,0.24794,0.24772,0.24798,0.24775,0.34231,0.34833,0.35404,0.34605,0.24558,0.23342,€/kWh
14/09/2021,0.15491,0.1555,0.15385,0.15368,0.15237,0.1562,0.18662,0.19852,0.24036,0.23183,0.32462,0.32669,0.32835,0.32658,0.23196,0.23066,0.23141,0.23451,0.33438,0.33731,0.33838,0.33862,0.23936,0.23545,€/kWh
13/09/2021,0.20033,0.19844,0.19119,0.18055,0.16524,0.16462,0.19334,0.19655,0.23131,0.22635,0.31648,0.31855,0.3187,0.31751,0.22296,0.21942,0.22108,0.22807,0.33064,0.33496,0.33703,0.33141,0.23169,0.22855,€/kWh
12/09/2021,0.2034,0.20101,0.20172,0.20134,0.20089,0.19823,0.19815,0.19718,0.19102,0.18747,0.15855,0.14778,0.1471,0.14658,0.14656,0.14022,0.14054,0.14977,0.17809,0.19739,0.20517,0.20642,0.20436,0.20324,€/kWh
11/09/2021,0.19339,0.19538,0.19516,0.19576,0.19697,0.19655,0.1941,0.19442,0.19296,0.19029,0.18841,0.18267,0.18038,0.17434,0.17141,0.15096,0.14943,0.16511,0.18275,0.19326,0.20011,0.204,0.20106,0.19879,€/kWh
10/09/2021,0.19244,0.19027,0.18785,0.18658,0.18464,0.18656,0.18807,0.19378,0.23103,0.22594,0.31519,0.31175,0.31167,0.3112,0.21825,0.21633,0.21429,0.21673,0.31238,0.32187,0.32591,0.32612,0.23129,0.22857,€/kWh
09/09/2021,0.17832,0.17028,0.1627,0.15506,0.15392,0.15682,0.17388,0.18226,0.21887,0.21278,0.30383,0.30353,0.30391,0.30541,0.20781,0.20527,0.20288,0.21023,0.30965,0.31946,0.32138,0.32014,0.22385,0.21809,€/kWh
08/09/2021,0.17422,0.16946,0.16422,0.15755,0.15828,0.16417,0.17377,0.17717,0.21501,0.21134,0.29769,0.29473,0.29204,0.28676,0.17948,0.17165,0.18079,0.20177,0.30233,0.31402,0.31699,0.31656,0.221,0.20865,€/kWh
07/09/2021,0.16417,0.14553,0.14191,0.13882,0.13799,0.14077,0.16108,0.17808,0.21898,0.20862,0.29335,0.27784,0.26826,0.26478,0.17121,0.17103,0.17669,0.20064,0.30194,0.31251,0.31744,0.3179,0.22197,0.21724,€/kWh
06/09/2021,0.1785,0.165,0.15171,0.14414,0.14405,0.14569,0.17359,0.17986,0.2163,0.20626,0.29458,0.2944,0.28934,0.28443,0.18932,0.18951,0.19411,0.20419,0.31037,0.31703,0.31712,0.31457,0.21085,0.18982,€/kWh
05/09/2021,0.18822,0.18633,0.17953,0.17453,0.17131,0.1747,0.17535,0.17362,0.16632,0.14933,0.13758,0.13594,0.1335,0.13524,0.13599,0.13477,0.13586,0.13895,0.1634,0.18617,0.19791,0.1925,0.19151,0.18816,€/kWh
04/09/2021,0.18659,0.18688,0.18597,0.18537,0.18597,0.18478,0.18561,0.18491,0.18224,0.17408,0.14969,0.14389,0.14328,0.14229,0.1392,0.13449,0.13443,0.13565,0.16268,0.18482,0.18788,0.18878,0.18754,0.18678,€/kWh
03/09/2021,0.17886,0.17645,0.17548,0.17546,0.17477,0.17426,0.17535,0.17644,0.21316,0.20978,0.29994,0.29676,0.29054,0.29182,0.19203,0.18631,0.18313,0.18613,0.29749,0.30744,0.30911,0.31259,0.21767,0.21495,€/kWh
02/09/2021,0.17478,0.17478,0.17383,0.17322,0.17309,0.17296,0.17436,0.17394,0.20986,0.20725,0.29928,0.29787,0.29834,0.29875,0.20519,0.20453,0.20359,0.20442,0.30004,0.30657,0.30805,0.31229,0.21661,0.21419,€/kWh
01/09/2021,0.1638,0.15844,0.15173,0.14712,0.14722,0.15486,0.16529,0.16936,0.20562,0.2032,0.2943,0.29339,0.29324,0.29302,0.1999,0.19959,0.20034,0.20057,0.29622,0.30068,0.30277,0.30346,0.20961,0.20958,€/kWh
31/08/2021,0.16626,0.16482,0.16378,0.1599,0.16061,0.16226,0.16637,0.16632,0.20491,0.20207,0.29029,0.28702,0.28686,0.28741,0.19423,0.18841,0.18802,0.19371,0.28976,0.29554,0.29809,0.30119,0.20414,0.20251,€/kWh
30/08/2021,0.15785,0.15265,0.14729,0.14687,0.15152,0.15653,0.15914,0.16105,0.19866,0.19855,0.28652,0.28325,0.28237,0.28206,0.18883,0.18669,0.18554,0.18725,0.28097,0.28884,0.29114,0.29566,0.19833,0.19584,€/kWh
29/08/2021,0.13764,0.12728,0.12706,0.12847,0.12881,0.12814,0.13771,0.1381,0.1362,0.13731,0.12216,0.1219,0.12202,0.12607,0.12883,0.12203,0.12201,0.12323,0.12428,0.14465,0.16138,0.16392,0.16219,0.16123,€/kWh
28/08/2021,0.16188,0.16063,0.15787,0.15715,0.15225,0.15074,0.15311,0.15425,0.15357,0.15234,0.13779,0.12178,0.12014,0.12379,0.12122,0.11831,0.1158,0.11481,0.12487,0.12721,0.15397,0.16192,0.16041,0.15455,€/kWh
27/08/2021,0.15811,0.15607,0.15424,0.15292,0.15243,0.15181,0.15271,0.15229,0.18768,0.18588,0.27726,0.2772,0.27817,0.27781,0.18418,0.16984,0.17169,0.16938,0.26576,0.28134,0.28615,0.28827,0.19374,0.19027,€/kWh
26/08/2021,0.1563,0.1555,0.1543,0.15273,0.15248,0.15318,0.15497,0.15404,0.18956,0.18785,0.27982,0.27706,0.27782,0.27986,0.188,0.1853,0.18624,0.18576,0.28045,0.2852,0.28806,0.29272,0.19759,0.19239,€/kWh
25/08/2021,0.14567,0.14104,0.1388,0.1363,0.13864,0.14541,0.14979,0.14823,0.18312,0.18225,0.27372,0.27287,0.27333,0.27367,0.18101,0.18063,0.1807,0.18093,0.27601,0.27943,0.28651,0.29267,0.19371,0.18854,€/kWh
24/08/2021,0.1154,0.11485,0.11434,0.11426,0.11387,0.11575,0.11767,0.12013,0.1755,0.17015,0.25665,0.25143,0.2465,0.25487,0.17553,0.17601,0.17865,0.17892,0.27192,0.27594,0.28169,0.28379,0.1892,0.18642,€/kWh
23/08/2021,0.12257,0.12007,0.11986,0.11995,0.11998,0.12002,0.12438,0.14325,0.18044,0.17757,0.26294,0.25871,0.25446,0.24792,0.1573,0.15585,0.15236,0.15718,0.2629,0.27554,0.27667,0.2787,0.18387,0.16949,€/kWh
22/08/2021,0.14369,0.14228,0.13893,0.14196,0.13855,0.13454,0.14036,0.14096,0.13947,0.13117,0.11856,0.11828,0.12785,0.13748,0.13734,0.11576,0.11572,0.11584,0.1161,0.12436,0.13427,0.14295,0.14169,0.12379,€/kWh
21/08/2021,0.1514,0.14951,0.14667,0.14206,0.1368,0.14212,0.1466,0.1478,0.14647,0.14385,0.14136,0.13555,0.13155,0.1325,0.12771,0.11851,0.11817,0.12263,0.13704,0.14569,0.1527,0.15769,0.15383,0.1505,€/kWh
20/08/2021,0.15298,0.15219,0.15048,0.14868,0.14784,0.14787,0.15198,0.15308,0.19077,0.18634,0.27575,0.27214,0.27314,0.27002,0.17665,0.16741,0.16671,0.16788,0.27257,0.28438,0.28976,0.2889,0.19233,0.18995,€/kWh
19/08/2021,0.13846,0.12606,0.12439,0.12157,0.12105,0.1207,0.14589,0.15185,0.1904,0.18383,0.26983,0.27267,0.27795,0.27965,0.18541,0.18239,0.18204,0.18187,0.27793,0.28889,0.29358,0.295,0.20052,0.19869,€/kWh
18/08/2021,0.12772,0.12365,0.12345,0.12421,0.1239,0.12299,0.12802,0.13909,0.18152,0.18219,0.25631,0.2578,0.26287,0.27145,0.18179,0.18216,0.17719,0.17542,0.27005,0.28349,0.29494,0.29553,0.20178,0.19379,€/kWh
17/08/2021,0.12615,0.12291,0.12175,0.12188,0.12093,0.11961,0.122,0.11953,0.15289,0.14999,0.23993,0.23984,0.24041,0.24447,0.15213,0.14874,0.14671,0.14673,0.24537,0.25851,0.2758,0.28885,0.18838,0.17026,€/kWh
16/08/2021,0.13951,0.12843,0.12555,0.1262,0.12515,0.12367,0.12585,0.12486,0.15799,0.15261,0.24091,0.23982,0.23993,0.23962,0.14726,0.14626,0.14455,0.14446,0.23869,0.24217,0.25739,0.27673,0.17945,0.16601,€/kWh
15/08/2021,0.1596,0.1578,0.15639,0.15609,0.15574,0.15574,0.15399,0.15019,0.14171,0.14258,0.13618,0.1341,0.12884,0.1343,0.12725,0.11578,0.11092,0.11069,0.11274,0.12501,0.15631,0.15833,0.1593,0.15807,€/kWh
14/08/2021,0.15992,0.15921,0.15535,0.15303,0.14955,0.14967,0.15204,0.15426,0.1526,0.14982,0.14772,0.14344,0.13483,0.13164,0.12142,0.11526,0.11444,0.11582,0.13483,0.15026,0.16057,0.16644,0.16643,0.16321,€/kWh
13/08/2021,0.15359,0.14946,0.14209,0.13871,0.1343,0.13774,0.14594,0.15023,0.18786,0.18437,0.2753,0.27478,0.27681,0.27687,0.1835,0.18262,0.1794,0.18252,0.2765,0.28047,0.29051,0.29355,0.2002,0.1955,€/kWh
12/08/2021,0.15051,0.14474,0.14287,0.13807,0.1364,0.13835,0.14731,0.15126,0.18554,0.18356,0.27265,0.2699,0.26775,0.26912,0.17734,0.17327,0.17034,0.17541,0.2828,0.28975,0.29296,0.29393,0.19449,0.18723,€/kWh
11/08/2021,0.14611,0.13941,0.13504,0.1296,0.13101,0.13592,0.14488,0.14762,0.18603,0.18314,0.27203,0.27067,0.27089,0.27118,0.17642,0.17375,0.17198,0.17402,0.27266,0.28492,0.28648,0.28895,0.1917,0.18853,€/kWh
10/08/2021,0.14599,0.14398,0.13904,0.13789,0.14162,0.14299,0.1453,0.1463,0.18384,0.1805,0.26891,0.26822,0.26804,0.26717,0.17002,0.1664,0.16394,0.16635,0.26077,0.27518,0.28014,0.2818,0.18587,0.18249,€/kWh
09/08/2021,0.14363,0.14111,0.13489,0.13428,0.13669,0.13973,0.14395,0.1428,0.17606,0.17298,0.26401,0.26235,0.26254,0.26254,0.16733,0.16118,0.1595,0.16368,0.26125,0.26627,0.27175,0.27444,0.17987,0.17819,€/kWh
08/08/2021,0.13652,0.128,0.12567,0.12444,0.12445,0.12418,0.12409,0.12366,0.12272,0.10221,0.09742,0.09985,0.10036,0.10366,0.10301,0.0998,0.09269,0.09025,0.10242,0.12102,0.13458,0.13725,0.13785,0.13759,€/kWh
07/08/2021,0.13476,0.13114,0.12452,0.1218,0.11577,0.11508,0.1206,0.12129,0.11789,0.09876,0.08565,0.07884,0.07599,0.06686,0.03947,0.02507,0.01865,0.0199,0.0342,0.09,0.11479,0.13227,0.13485,0.12594,€/kWh
06/08/2021,0.13542,0.13531,0.13165,0.13143,0.13083,0.13294,0.13197,0.13438,0.17101,0.16859,0.25902,0.25787,0.25865,0.25809,0.16165,0.14541,0.13572,0.13112,0.22478,0.23378,0.26405,0.26481,0.1721,0.17204,€/kWh
05/08/2021,0.14192,0.13916,0.13713,0.13371,0.13274,0.13302,0.13446,0.13402,0.17557,0.17427,0.26323,0.25769,0.25614,0.25276,0.14356,0.13832,0.13784,0.1382,0.2398,0.25893,0.27374,0.27828,0.18495,0.18214,€/kWh
04/08/2021,0.1417,0.13459,0.12692,0.12253,0.12421,0.12774,0.13793,0.14058,0.17889,0.17705,0.26575,0.26507,0.26328,0.26016,0.16124,0.15184,0.14933,0.15741,0.25898,0.26189,0.27224,0.27792,0.1846,0.1838,€/kWh
03/08/2021,0.13715,0.13593,0.13354,0.13284,0.13392,0.1353,0.14,0.14129,0.17806,0.17431,0.26326,0.26241,0.26281,0.26247,0.16815,0.16715,0.16226,0.16248,0.25618,0.26475,0.26714,0.26837,0.17352,0.17152,€/kWh
02/08/2021,0.13509,0.1347,0.13592,0.13415,0.13253,0.13356,0.13249,0.13526,0.16909,0.16717,0.25969,0.25952,0.25993,0.25968,0.16633,0.16531,0.16301,0.1649,0.25712,0.26588,0.26426,0.266,0.17144,0.1677,€/kWh
01/08/2021,0.10624,0.10529,0.10084,0.10505,0.10581,0.10711,0.10748,0.10774,0.10705,0.09601,0.08897,0.08971,0.08962,0.09437,0.09712,0.08943,0.08842,0.08905,0.09363,0.10811,0.1295,0.13817,0.14057,0.13564,€/kWh
31/07/2021,0.10266,0.10346,0.10213,0.10433,0.10324,0.1029,0.10378,0.10148,0.09952,0.09093,0.08319,0.08172,0.08037,0.08182,0.07151,0.03711,0.01857,0.03075,0.07386,0.09138,0.09881,0.10578,0.10778,0.10633,€/kWh
30/07/2021,0.13156,0.13107,0.13013,0.1298,0.12806,0.12355,0.12939,0.1308,0.165,0.16263,0.25448,0.25317,0.2535,0.25271,0.16073,0.15232,0.13848,0.13183,0.22245,0.2268,0.25169,0.26092,0.16825,0.1607,€/kWh
29/07/2021,0.12903,0.12547,0.1262,0.12729,0.12761,0.12848,0.13028,0.12914,0.16458,0.16393,0.25395,0.25266,0.25549,0.25312,0.15469,0.14621,0.14751,0.15238,0.24573,0.25011,0.25987,0.26708,0.17352,0.16887,€/kWh
28/07/2021,0.10961,0.10704,0.10162,0.10286,0.10021,0.10611,0.12538,0.12783,0.16398,0.16496,0.25509,0.25754,0.26482,0.26144,0.16587,0.16593,0.16391,0.16454,0.25279,0.25218,0.25489,0.25817,0.16409,0.15624,€/kWh
27/07/2021,0.1325,0.13103,0.12846,0.1274,0.12688,0.1237,0.12868,0.13125,0.16597,0.165,0.25496,0.25431,0.25498,0.25298,0.15937,0.15733,0.15331,0.14859,0.251,0.25475,0.25534,0.25737,0.16427,0.16011,€/kWh
26/07/2021,0.12718,0.12193,0.11669,0.11674,0.11668,0.11774,0.123,0.1232,0.16242,0.15856,0.2514,0.25306,0.25741,0.25847,0.16576,0.16602,0.16485,0.16396,0.25764,0.26141,0.26515,0.26546,0.17171,0.16972,€/kWh
25/07/2021,0.13447,0.13142,0.1272,0.12801,0.12343,0.12322,0.12625,0.12541,0.12419,0.11678,0.10844,0.11102,0.11316,0.1194,0.11575,0.10732,0.10163,0.1013,0.10586,0.11405,0.1282,0.14134,0.14258,0.14011,€/kWh
24/07/2021,0.12515,0.12296,0.11804,0.11675,0.11822,0.12176,0.12447,0.124,0.12483,0.12192,0.11967,0.11613,0.11215,0.11843,0.11107,0.10158,0.09681,0.1012,0.10998,0.11637,0.13031,0.13616,0.13788,0.13574,€/kWh
23/07/2021,0.13452,0.13404,0.13131,0.12807,0.12741,0.12704,0.12919,0.13188,0.16802,0.16426,0.25093,0.24634,0.24175,0.23036,0.13643,0.1349,0.13379,0.14487,0.24649,0.25491,0.25692,0.25957,0.17208,0.16593,€/kWh
22/07/2021,0.13359,0.12999,0.12872,0.12761,0.12783,0.12793,0.12856,0.13017,0.16676,0.16616,0.25623,0.2554,0.25627,0.25445,0.16054,0.1585,0.15579,0.15542,0.24974,0.25776,0.26219,0.2641,0.17197,0.17036,€/kWh
21/07/2021,0.14008,0.13936,0.13811,0.13628,0.13726,0.13779,0.13667,0.13534,0.16982,0.16621,0.25748,0.25722,0.25903,0.25938,0.16563,0.16387,0.16143,0.1607,0.25585,0.2645,0.26793,0.26703,0.17213,0.16887,€/kWh
20/07/2021,0.13061,0.12963,0.12262,0.12171,0.12569,0.12764,0.12777,0.13485,0.17324,0.16176,0.25223,0.25221,0.25345,0.25544,0.16107,0.15985,0.15909,0.15913,0.25152,0.26128,0.26534,0.26773,0.17008,0.16642,€/kWh
19/07/2021,0.12739,0.12546,0.12314,0.12378,0.12199,0.12418,0.12278,0.12579,0.1659,0.15856,0.24745,0.24811,0.25136,0.25271,0.1603,0.15986,0.15831,0.15725,0.25394,0.26353,0.2659,0.26721,0.16806,0.16191,€/kWh
18/07/2021,0.12105,0.11807,0.10967,0.11618,0.11721,0.117,0.11695,0.11662,0.10152,0.0977,0.09553,0.09479,0.09452,0.09599,0.09661,0.06486,0.0228,0.04002,0.08145,0.10002,0.11252,0.126,0.13004,0.12751,€/kWh
17/07/2021,0.12044,0.11747,0.1168,0.11623,0.1174,0.11615,0.11107,0.11287,0.11626,0.11478,0.11422,0.11647,0.11798,0.12141,0.1216,0.11677,0.11153,0.11093,0.10882,0.11483,0.12429,0.13108,0.13069,0.12666,€/kWh
16/07/2021,0.11325,0.10076,0.09661,0.09623,0.09619,0.10189,0.11618,0.12269,0.16202,0.15756,0.24591,0.24246,0.24123,0.24233,0.14927,0.1462,0.14142,0.14376,0.24333,0.24774,0.25231,0.25173,0.1557,0.14379,€/kWh
15/07/2021,0.10572,0.09723,0.09542,0.09422,0.0944,0.09424,0.09757,0.09946,0.15252,0.14793,0.24404,0.24655,0.24881,0.24468,0.15692,0.15649,0.15596,0.15539,0.24795,0.25157,0.25203,0.25434,0.15977,0.15381,€/kWh
14/07/2021,0.12672,0.12379,0.11629,0.11417,0.1055,0.10403,0.11346,0.11506,0.1497,0.14706,0.23564,0.24425,0.24849,0.24111,0.13443,0.13257,0.13097,0.13091,0.22381,0.22725,0.24184,0.24339,0.14732,0.13775,€/kWh
13/07/2021,0.11491,0.10965,0.10696,0.10756,0.10963,0.11579,0.12531,0.12816,0.16862,0.16138,0.25354,0.25022,0.25263,0.25153,0.15536,0.15208,0.15148,0.15627,0.25219,0.253,0.25487,0.25641,0.16167,0.15709,€/kWh
12/07/2021,0.1228,0.10866,0.10118,0.10075,0.10099,0.10412,0.12321,0.12946,0.1675,0.16238,0.24965,0.24531,0.24465,0.24081,0.14634,0.13418,0.1324,0.13155,0.22533,0.22757,0.2419,0.25813,0.16569,0.15956,€/kWh
11/07/2021,0.12858,0.12812,0.12821,0.12846,0.12874,0.12897,0.12869,0.12823,0.12324,0.12179,0.11803,0.11453,0.10495,0.09915,0.09795,0.09692,0.09194,0.09845,0.10723,0.12183,0.12859,0.13307,0.13294,0.12893,€/kWh
10/07/2021,0.12244,0.12243,0.12294,0.12338,0.12229,0.1223,0.12247,0.12067,0.11504,0.11108,0.10628,0.10853,0.10955,0.11274,0.1121,0.09893,0.09633,0.10539,0.11861,0.12446,0.12692,0.12901,0.12729,0.12403,€/kWh
09/07/2021,0.11963,0.11503,0.11284,0.1133,0.11345,0.11529,0.11844,0.12607,0.16846,0.16297,0.25139,0.24941,0.24756,0.24417,0.14995,0.14496,0.14038,0.14691,0.2479,0.25264,0.25455,0.25512,0.15962,0.15467,€/kWh
08/07/2021,0.11847,0.11276,0.10582,0.10399,0.10343,0.10744,0.11511,0.122,0.16129,0.16026,0.2539,0.25366,0.25395,0.25167,0.15482,0.15123,0.15034,0.15494,0.2495,0.25443,0.25582,0.25634,0.16578,0.15993,€/kWh
07/07/2021,0.12517,0.12227,0.11979,0.12023,0.12024,0.11965,0.1234,0.13127,0.16989,0.16535,0.25484,0.25261,0.25123,0.25121,0.15719,0.15513,0.15625,0.15785,0.2519,0.25244,0.257,0.26403,0.17174,0.16766,€/kWh
06/07/2021,0.12573,0.12021,0.11693,0.11703,0.11699,0.11626,0.11788,0.12518,0.16128,0.15863,0.24823,0.24578,0.24782,0.2502,0.14878,0.14111,0.13726,0.13694,0.24474,0.25469,0.25993,0.26058,0.16797,0.16494,€/kWh
05/07/2021,0.12278,0.12033,0.11777,0.11767,0.11757,0.12055,0.124,0.12844,0.16651,0.16345,0.25414,0.25311,0.25152,0.24767,0.14875,0.14391,0.13898,0.13765,0.23165,0.24771,0.25798,0.26142,0.16714,0.15741,€/kWh
04/07/2021,0.12368,0.11631,0.10955,0.10464,0.09987,0.09902,0.10383,0.10501,0.1075,0.10309,0.09941,0.10252,0.10308,0.09828,0.09325,0.09105,0.08143,0.08865,0.0949,0.10667,0.12817,0.13032,0.13315,0.12812,€/kWh
03/07/2021,0.12516,0.12405,0.12255,0.12681,0.12672,0.12509,0.12478,0.12565,0.12758,0.12375,0.11896,0.11752,0.11711,0.11747,0.11392,0.09847,0.0999,0.11038,0.11946,0.12508,0.12839,0.13566,0.13726,0.13034,€/kWh
02/07/2021,0.12913,0.12786,0.12796,0.12845,0.12847,0.12874,0.12992,0.13527,0.17196,0.16813,0.25619,0.25319,0.25321,0.2489,0.15209,0.14642,0.14131,0.15455,0.25483,0.25717,0.2613,0.26387,0.17009,0.16482,€/kWh
01/07/2021,0.12047,0.11943,0.11873,0.11943,0.11977,0.11925,0.11871,0.12127,0.15882,0.15599,0.24778,0.2457,0.24593,0.24303,0.14435,0.14402,0.14271,0.14851,0.24599,0.24944,0.25114,0.25078,0.15857,0.15486,€/kWh
30/06/2021,0.1176,0.11725,0.11372,0.1155,0.11451,0.12034,0.12235,0.12294,0.16098,0.15893,0.25141,0.25095,0.25176,0.24872,0.15173,0.14583,0.14551,0.15054,0.2487,0.25344,0.25464,0.25264,0.15977,0.15824,€/kWh
29/06/2021,0.11927,0.11924,0.11507,0.11611,0.11548,0.11831,0.12119,0.12547,0.16541,0.16043,0.25236,0.25102,0.24858,0.24625,0.15161,0.14801,0.14824,0.14923,0.24654,0.25049,0.2512,0.2511,0.15826,0.15637,€/kWh
28/06/2021,0.11143,0.10399,0.10104,0.10058,0.09945,0.10559,0.1188,0.12261,0.15979,0.15358,0.24191,0.23934,0.23934,0.23959,0.14579,0.14022,0.1439,0.15021,0.24372,0.2472,0.25228,0.25513,0.16139,0.15885,€/kWh
27/06/2021,0.11891,0.11919,0.11558,0.11816,0.11837,0.11463,0.11321,0.10766,0.09946,0.09425,0.09129,0.08723,0.0769,0.07455,0.04176,0.03232,0.03786,0.04113,0.06457,0.09147,0.09902,0.11635,0.1218,0.11611,€/kWh
26/06/2021,0.11839,0.118,0.12018,0.1214,0.12324,0.12331,0.12309,0.12046,0.11713,0.11204,0.11116,0.11024,0.09952,0.09126,0.08799,0.08717,0.08774,0.09197,0.099,0.11073,0.11514,0.11957,0.11952,0.11646,€/kWh
25/06/2021,0.1134,0.10655,0.1038,0.10276,0.10325,0.10558,0.11396,0.11944,0.15991,0.1545,0.24429,0.24225,0.23932,0.23345,0.13837,0.13816,0.13865,0.14531,0.2408,0.2477,0.25095,0.25168,0.15942,0.15398,€/kWh
24/06/2021,0.10982,0.10661,0.10382,0.09949,0.09655,0.10154,0.10901,0.1183,0.15335,0.14835,0.23978,0.24154,0.24322,0.23932,0.14344,0.14102,0.14231,0.14955,0.24356,0.24687,0.24799,0.24898,0.15742,0.15285,€/kWh
23/06/2021,0.11825,0.1165,0.11059,0.11192,0.11298,0.11624,0.11854,0.11771,0.15686,0.1549,0.24648,0.24542,0.24418,0.24391,0.15063,0.14991,0.14703,0.15076,0.24713,0.24731,0.24634,0.2464,0.15602,0.14977,€/kWh
22/06/2021,0.1198,0.11718,0.11518,0.11565,0.11181,0.11429,0.11574,0.11724,0.15619,0.15194,0.24248,0.24216,0.24214,0.24241,0.14866,0.14544,0.14072,0.14906,0.24272,0.24771,0.24483,0.24394,0.15277,0.14655,€/kWh
21/06/2021,0.09412,0.09147,0.09119,0.0922,0.09354,0.09501,0.11424,0.11436,0.15238,0.14837,0.23935,0.23963,0.24101,0.24082,0.14691,0.13811,0.13785,0.14085,0.24365,0.25014,0.25117,0.24906,0.15711,0.15432,€/kWh
20/06/2021,0.10846,0.09358,0.09305,0.09006,0.08998,0.08794,0.08636,0.08207,0.08119,0.07933,0.07329,0.06679,0.05997,0.0457,0.0429,0.04673,0.02631,0.02242,0.04208,0.08612,0.10483,0.11229,0.11553,0.10862,€/kWh
19/06/2021,0.12052,0.12136,0.12175,0.12192,0.12191,0.12004,0.11732,0.11746,0.11891,0.11704,0.11549,0.1131,0.11173,0.11018,0.10195,0.08882,0.08769,0.09545,0.10468,0.11441,0.11872,0.11851,0.11781,0.11411,€/kWh
18/06/2021,0.11921,0.11695,0.11582,0.11608,0.11562,0.11643,0.1174,0.12174,0.16095,0.15584,0.24792,0.24649,0.24795,0.24597,0.15097,0.14544,0.14389,0.14719,0.24306,0.25064,0.25168,0.24879,0.1564,0.15505,€/kWh
17/06/2021,0.12489,0.12296,0.12279,0.12133,0.12087,0.12013,0.11968,0.1192,0.16039,0.15618,0.24754,0.2458,0.24537,0.24194,0.14587,0.14132,0.13307,0.14239,0.24538,0.2498,0.2578,0.25454,0.15839,0.15745,€/kWh
16/06/2021,0.12565,0.12354,0.12217,0.12253,0.1227,0.12172,0.12272,0.12512,0.16178,0.15609,0.24597,0.24563,0.24519,0.24245,0.14855,0.14107,0.14385,0.15164,0.24926,0.25373,0.2624,0.25764,0.16508,0.16128,€/kWh
15/06/2021,0.11576,0.11327,0.11042,0.1078,0.10781,0.11047,0.11041,0.11808,0.15798,0.15122,0.24236,0.24496,0.24505,0.24538,0.15085,0.14894,0.14873,0.15134,0.24778,0.25514,0.25574,0.25315,0.15799,0.15745,€/kWh
14/06/2021,0.11645,0.11616,0.11299,0.11476,0.11662,0.11702,0.11554,0.1188,0.15403,0.14875,0.23899,0.23933,0.24002,0.23981,0.14579,0.13956,0.13924,0.13955,0.24104,0.24906,0.25383,0.25104,0.15595,0.15235,€/kWh
13/06/2021,0.10834,0.10811,0.10914,0.10996,0.11028,0.11119,0.11087,0.11042,0.10904,0.10719,0.10069,0.0981,0.09449,0.09728,0.09772,0.09464,0.09486,0.09422,0.09869,0.10681,0.11521,0.12069,0.12326,0.12151,€/kWh
12/06/2021,0.10874,0.10771,0.10682,0.1074,0.10476,0.10076,0.10073,0.10015,0.10432,0.10089,0.09604,0.09295,0.0936,0.09965,0.09623,0.09139,0.09121,0.09153,0.097,0.10544,0.11377,0.11817,0.11933,0.11685,€/kWh
11/06/2021,0.10981,0.10678,0.10105,0.09804,0.09614,0.09934,0.10902,0.11468,0.15268,0.14259,0.23373,0.23414,0.23482,0.23409,0.14089,0.13898,0.13749,0.13762,0.23436,0.24117,0.24423,0.24247,0.15115,0.14768,€/kWh
10/06/2021,0.1088,0.10422,0.10143,0.1021,0.10041,0.10768,0.10945,0.11305,0.15258,0.14218,0.23488,0.23563,0.23575,0.23567,0.14221,0.13888,0.13557,0.13925,0.23718,0.24253,0.24283,0.24348,0.14936,0.14554,€/kWh
09/06/2021,0.10844,0.10602,0.10176,0.10497,0.10791,0.1094,0.10998,0.11083,0.14787,0.14057,0.23288,0.23317,0.23346,0.23354,0.14026,0.1348,0.12949,0.13581,0.23464,0.23864,0.24071,0.2419,0.14893,0.14217,€/kWh
08/06/2021,0.10673,0.1055,0.10546,0.10638,0.10929,0.11121,0.11079,0.11441,0.15442,0.14389,0.23149,0.23164,0.23179,0.23169,0.13787,0.13421,0.13211,0.13741,0.23605,0.24042,0.24182,0.2416,0.14642,0.14231,€/kWh
07/06/2021,0.10531,0.09458,0.09441,0.09528,0.09547,0.10539,0.10841,0.11114,0.15058,0.14471,0.23394,0.23268,0.23198,0.2315,0.13706,0.13554,0.1354,0.13785,0.23573,0.24212,0.24494,0.24273,0.14952,0.14658,€/kWh
06/06/2021,0.11211,0.10984,0.10454,0.10478,0.0995,0.10033,0.10026,0.09905,0.09606,0.09335,0.08887,0.08864,0.0884,0.08851,0.0878,0.07755,0.0615,0.07833,0.08647,0.09548,0.10419,0.11265,0.11414,0.11176,€/kWh
05/06/2021,0.1034,0.09697,0.09435,0.09548,0.09431,0.09451,0.09376,0.09609,0.10283,0.10236,0.10678,0.10693,0.10658,0.10701,0.10482,0.10025,0.09899,0.09859,0.09919,0.09966,0.1073,0.11092,0.1113,0.10722,€/kWh
04/06/2021,0.10312,0.10295,0.10252,0.10581,0.10577,0.10825,0.11109,0.11252,0.14952,0.14598,0.23555,0.23506,0.2349,0.23448,0.13715,0.13409,0.12952,0.13379,0.23188,0.23658,0.23832,0.23939,0.14442,0.14065,€/kWh
03/06/2021,0.10958,0.10608,0.10296,0.10445,0.10462,0.10753,0.11176,0.11282,0.14944,0.14177,0.23313,0.23158,0.23153,0.2301,0.13265,0.12378,0.12341,0.12676,0.22634,0.23488,0.23745,0.24213,0.14956,0.14721,€/kWh
02/06/2021,0.1162,0.11437,0.11253,0.11287,0.11185,0.11197,0.11576,0.11564,0.15296,0.14853,0.23996,0.23668,0.23564,0.23505,0.13851,0.13615,0.13227,0.13619,0.2312,0.23677,0.23927,0.245,0.15092,0.14831,€/kWh
01/06/2021,0.11633,0.11595,0.11489,0.11496,0.11484,0.11603,0.11629,0.1157,0.15289,0.15083,0.24262,0.2405,0.23809,0.2353,0.13796,0.13288,0.13193,0.13599,0.23144,0.2404,0.2462,0.24808,0.15591,0.1565,€/kWh
